<?xml version="1.0" encoding="UTF-8"?>
<manifest xmlns="http://www.imsproject.org/xsd/imscp_rootv1p1p2" identifier="DiDaXo_bestOfSeries" version="1.0" xmlns:adlcp="http://www.adlnet.org/xsd/adlcp_rootv1p2" xmlns:xsi="http://www.w3.org/2001/XMLSchema-instance" xsi:schemaLocation="http://www.imsproject.org/xsd/imscp_rootv1p1p2 imscp_rootv1p1p2.xsd http://www.imsglobal.org/xsd/imsmd_rootv1p2p1 imsmd_rootv1p2p1.xsd http://www.adlnet.org/xsd/adlcp_rootv1p2 adlcp_rootv1p2.xsd"><metadata><schema>ADL SCORM</schema><schemaversion>1.2</schemaversion><lom xmlns="http://www.imsglobal.org/xsd/imsmd_rootv1p2p1" xmlns:adlseq="http://www.adlnet.org/xsd/adlseq_v1p3" xmlns:xsi="http://www.w3.org/2001/XMLSchema-instance" xsi:schemaLocation="http://www.imsglobal.org/xsd/imsmd_rootv1p2p1 imsmd_rootv1p2p1.xsd"><general><title><langstring xml:lang="x-none">The best of DiDaXo</langstring></title><catalogentry><catalog>Adobe Captivate Course</catalog><entry><langstring xml:lang="x-none">DiDaXo_bestOfSeries</langstring></entry></catalogentry><description><langstring xml:lang="x-none">Experience the best courses of the DiDaXo company in this sample Course package.</langstring></description><keyword><langstring xml:lang="x-none"></langstring></keyword></general><lifecycle><version><langstring xml:lang="x-none">1</langstring></version><status><source><langstring xml:lang="x-none">LOMv1.0</langstring></source><value><langstring xml:lang="x-none">Final</langstring></value></status></lifecycle><metametadata><metadatascheme>ADL SCORM 1.2</metadatascheme></metametadata><technical><format>text/html</format><location>.</location></technical><educational><typicallearningtime><datetime>00:00:00</datetime></typicallearningtime></educational><rights><cost><source><langstring xml:lang="x-none">LOMv1.0</langstring></source><value><langstring xml:lang="x-none">no</langstring></value></cost><copyrightandotherrestrictions><source><langstring xml:lang="x-none">LOMv1.0</langstring></source><value><langstring xml:lang="x-none">no</langstring></value></copyrightandotherrestrictions></rights><classification><purpose><source><langstring xml:lang="x-none">LOMv1.0</langstring></source><value><langstring xml:lang="x-none">Idea</langstring></value></purpose><description><langstring xml:lang="x-none">Experience the best courses of the DiDaXo company in this sample Course package.</langstring></description><keyword><langstring xml:lang="x-none">Adobe Captivate</langstring><langstring xml:lang="x-none"></langstring></keyword></classification></lom></metadata><organizations default="DiDaXo_bestOfSeries_ORG"><organization identifier="DiDaXo_bestOfSeries_ORG"><title>The best of DiDaXo</title><item identifierref="RES-Item_1" identifier="SCO-Item_1"><title>Course Object title</title><metadata><adlcp:location>Linear_takeTheTrain_HTML5_SCORM_metadata.xml</adlcp:location></metadata><adlcp:maxtimeallowed/><adlcp:datafromlms>.</adlcp:datafromlms><adlcp:masteryscore>80</adlcp:masteryscore><adlcp:timelimitaction>exit,message</adlcp:timelimitaction></item><item identifierref="RES-Item_2" identifier="SCO-Item_2"><title>Course Object title</title><metadata><adlcp:location>Linear_takeTheTrain_SWF_SCORM_metadata.xml</adlcp:location></metadata><adlcp:maxtimeallowed/><adlcp:datafromlms>.</adlcp:datafromlms><adlcp:masteryscore>80</adlcp:masteryscore><adlcp:timelimitaction>exit,message</adlcp:timelimitaction></item><item identifierref="RES-Item_3" identifier="SCO-Item_3"><title>The Adobe Media Encoder Video Demo</title><metadata><adlcp:location>Linear_EncoderVideo_metadata.xml</adlcp:location></metadata><adlcp:maxtimeallowed/><adlcp:datafromlms>.</adlcp:datafromlms><adlcp:masteryscore>80</adlcp:masteryscore><adlcp:timelimitaction>exit,message</adlcp:timelimitaction></item></organization></organizations><resources><resource href="Linear/takeTheTrain_HTML5_SCORM/index_scorm.html" adlcp:scormtype="sco" type="webcontent" identifier="RES-Item_1"><file href="Linear/takeTheTrain_HTML5_SCORM/ar/18445.mp3"/><file href="Linear/takeTheTrain_HTML5_SCORM/index_scorm.html"/><file href="Linear/takeTheTrain_HTML5_SCORM/scormdriver.js"/><file href="Linear/takeTheTrain_HTML5_SCORM/browsersniff.js"/><file href="Linear/takeTheTrain_HTML5_SCORM/ar/18569.mp3"/><file href="Linear/takeTheTrain_HTML5_SCORM/ar/18572.mp3"/><file href="Linear/takeTheTrain_HTML5_SCORM/ar/18575.mp3"/><file href="Linear/takeTheTrain_HTML5_SCORM/ar/18578.mp3"/><file href="Linear/takeTheTrain_HTML5_SCORM/ar/18581.mp3"/><file href="Linear/takeTheTrain_HTML5_SCORM/ar/18584.mp3"/><file href="Linear/takeTheTrain_HTML5_SCORM/ar/18587.mp3"/><file href="Linear/takeTheTrain_HTML5_SCORM/ar/18590.mp3"/><file href="Linear/takeTheTrain_HTML5_SCORM/ar/18593.mp3"/><file href="Linear/takeTheTrain_HTML5_SCORM/ar/18596.mp3"/><file href="Linear/takeTheTrain_HTML5_SCORM/ar/18599.mp3"/><file href="Linear/takeTheTrain_HTML5_SCORM/ar/18602.mp3"/><file href="Linear/takeTheTrain_HTML5_SCORM/ar/18605.mp3"/><file href="Linear/takeTheTrain_HTML5_SCORM/ar/18608.mp3"/><file href="Linear/takeTheTrain_HTML5_SCORM/ar/18611.mp3"/><file href="Linear/takeTheTrain_HTML5_SCORM/ar/18614.mp3"/><file href="Linear/takeTheTrain_HTML5_SCORM/ar/18617.mp3"/><file href="Linear/takeTheTrain_HTML5_SCORM/ar/18620.mp3"/><file href="Linear/takeTheTrain_HTML5_SCORM/ar/Mouse.mp3"/><file href="Linear/takeTheTrain_HTML5_SCORM/assets/TOC_icons/collapseIcon.png"/><file href="Linear/takeTheTrain_HTML5_SCORM/assets/TOC_icons/expandIcon.png"/><file href="Linear/takeTheTrain_HTML5_SCORM/assets/TOC_icons/photo.png"/><file href="Linear/takeTheTrain_HTML5_SCORM/assets/css/CPLibraryAll.css"/><file href="Linear/takeTheTrain_HTML5_SCORM/assets/css/start/images/animated-overlay.gif"/><file href="Linear/takeTheTrain_HTML5_SCORM/assets/css/start/images/ui-bg_flat_55_999999_40x100.png"/><file href="Linear/takeTheTrain_HTML5_SCORM/assets/css/start/images/ui-bg_flat_75_aaaaaa_40x100.png"/><file href="Linear/takeTheTrain_HTML5_SCORM/assets/css/start/images/ui-bg_glass_45_0078ae_1x400.png"/><file href="Linear/takeTheTrain_HTML5_SCORM/assets/css/start/images/ui-bg_glass_55_f8da4e_1x400.png"/><file href="Linear/takeTheTrain_HTML5_SCORM/assets/css/start/images/ui-bg_glass_75_79c9ec_1x400.png"/><file href="Linear/takeTheTrain_HTML5_SCORM/assets/css/start/images/ui-bg_gloss-wave_45_e14f1c_500x100.png"/><file href="Linear/takeTheTrain_HTML5_SCORM/assets/css/start/images/ui-bg_gloss-wave_50_6eac2c_500x100.png"/><file href="Linear/takeTheTrain_HTML5_SCORM/assets/css/start/images/ui-bg_gloss-wave_75_2191c0_500x100.png"/><file href="Linear/takeTheTrain_HTML5_SCORM/assets/css/start/images/ui-bg_inset-hard_100_fcfdfd_1x100.png"/><file href="Linear/takeTheTrain_HTML5_SCORM/assets/css/start/images/ui-icons_0078ae_256x240.png"/><file href="Linear/takeTheTrain_HTML5_SCORM/assets/css/start/images/ui-icons_056b93_256x240.png"/><file href="Linear/takeTheTrain_HTML5_SCORM/assets/css/start/images/ui-icons_d8e7f3_256x240.png"/><file href="Linear/takeTheTrain_HTML5_SCORM/assets/css/start/images/ui-icons_e0fdff_256x240.png"/><file href="Linear/takeTheTrain_HTML5_SCORM/assets/css/start/images/ui-icons_f5e175_256x240.png"/><file href="Linear/takeTheTrain_HTML5_SCORM/assets/css/start/images/ui-icons_f7a50d_256x240.png"/><file href="Linear/takeTheTrain_HTML5_SCORM/assets/css/start/images/ui-icons_fcd113_256x240.png"/><file href="Linear/takeTheTrain_HTML5_SCORM/assets/css/start/jquery-ui-1.11.4.custom.css"/><file href="Linear/takeTheTrain_HTML5_SCORM/assets/css/start/jquery-ui-1.11.4.custom.min.css"/><file href="Linear/takeTheTrain_HTML5_SCORM/assets/htmlimages/360_slide_OFF_Click.svg"/><file href="Linear/takeTheTrain_HTML5_SCORM/assets/htmlimages/360_slide_OFF_Hover.svg"/><file href="Linear/takeTheTrain_HTML5_SCORM/assets/htmlimages/360_slide_OFF_Normal.svg"/><file href="Linear/takeTheTrain_HTML5_SCORM/assets/htmlimages/360_slide_ON_Click.svg"/><file href="Linear/takeTheTrain_HTML5_SCORM/assets/htmlimages/360_slide_ON_Hover.svg"/><file href="Linear/takeTheTrain_HTML5_SCORM/assets/htmlimages/360_slide_ON_normal.svg"/><file href="Linear/takeTheTrain_HTML5_SCORM/assets/htmlimages/Answer_checkbox_correct.png"/><file href="Linear/takeTheTrain_HTML5_SCORM/assets/htmlimages/Answer_checkbox_hover.png"/><file href="Linear/takeTheTrain_HTML5_SCORM/assets/htmlimages/Answer_checkbox_incorrect.png"/><file href="Linear/takeTheTrain_HTML5_SCORM/assets/htmlimages/Answer_checkbox_normal.png"/><file href="Linear/takeTheTrain_HTML5_SCORM/assets/htmlimages/Answer_checkbox_select.png"/><file href="Linear/takeTheTrain_HTML5_SCORM/assets/htmlimages/Answer_radio_correct.png"/><file href="Linear/takeTheTrain_HTML5_SCORM/assets/htmlimages/Answer_radio_hover.png"/><file href="Linear/takeTheTrain_HTML5_SCORM/assets/htmlimages/Answer_radio_incorrect.png"/><file href="Linear/takeTheTrain_HTML5_SCORM/assets/htmlimages/Answer_radio_normal.png"/><file href="Linear/takeTheTrain_HTML5_SCORM/assets/htmlimages/Answer_radio_select.png"/><file href="Linear/takeTheTrain_HTML5_SCORM/assets/htmlimages/Graph.jpg"/><file href="Linear/takeTheTrain_HTML5_SCORM/assets/htmlimages/HotspotDisplayImage.png"/><file href="Linear/takeTheTrain_HTML5_SCORM/assets/htmlimages/HotspotDisplayText.png"/><file href="Linear/takeTheTrain_HTML5_SCORM/assets/htmlimages/HotspotNavigation.png"/><file href="Linear/takeTheTrain_HTML5_SCORM/assets/htmlimages/HotspotPlayAudio.png"/><file href="Linear/takeTheTrain_HTML5_SCORM/assets/htmlimages/HotspotQuestionOverlays.png"/><file href="Linear/takeTheTrain_HTML5_SCORM/assets/htmlimages/HotspotStaticActions.png"/><file href="Linear/takeTheTrain_HTML5_SCORM/assets/htmlimages/Pause.gif"/><file href="Linear/takeTheTrain_HTML5_SCORM/assets/htmlimages/Pause2x.gif"/><file href="Linear/takeTheTrain_HTML5_SCORM/assets/htmlimages/Play.gif"/><file href="Linear/takeTheTrain_HTML5_SCORM/assets/htmlimages/Play2x.gif"/><file href="Linear/takeTheTrain_HTML5_SCORM/assets/htmlimages/Play_icon.png"/><file href="Linear/takeTheTrain_HTML5_SCORM/assets/htmlimages/VR_menu_close_default@2x.png"/><file href="Linear/takeTheTrain_HTML5_SCORM/assets/htmlimages/VR_menu_close_hover@2x.png"/><file href="Linear/takeTheTrain_HTML5_SCORM/assets/htmlimages/VR_menu_close_select@2x.png"/><file href="Linear/takeTheTrain_HTML5_SCORM/assets/htmlimages/VR_menu_default@2x.png"/><file href="Linear/takeTheTrain_HTML5_SCORM/assets/htmlimages/VR_menu_hover@2x.png"/><file href="Linear/takeTheTrain_HTML5_SCORM/assets/htmlimages/VR_menu_mute_default@2x.png"/><file href="Linear/takeTheTrain_HTML5_SCORM/assets/htmlimages/VR_menu_mute_hover@2x.png"/><file href="Linear/takeTheTrain_HTML5_SCORM/assets/htmlimages/VR_menu_mute_select@2x.png"/><file href="Linear/takeTheTrain_HTML5_SCORM/assets/htmlimages/VR_menu_next_default@2x.png"/><file href="Linear/takeTheTrain_HTML5_SCORM/assets/htmlimages/VR_menu_next_hover@2x.png"/><file href="Linear/takeTheTrain_HTML5_SCORM/assets/htmlimages/VR_menu_next_select@2x.png"/><file href="Linear/takeTheTrain_HTML5_SCORM/assets/htmlimages/VR_menu_pause_default@2x.png"/><file href="Linear/takeTheTrain_HTML5_SCORM/assets/htmlimages/VR_menu_pause_hover@2x.png"/><file href="Linear/takeTheTrain_HTML5_SCORM/assets/htmlimages/VR_menu_pause_select@2x.png"/><file href="Linear/takeTheTrain_HTML5_SCORM/assets/htmlimages/VR_menu_play_default@2x.png"/><file href="Linear/takeTheTrain_HTML5_SCORM/assets/htmlimages/VR_menu_play_hover@2x.png"/><file href="Linear/takeTheTrain_HTML5_SCORM/assets/htmlimages/VR_menu_play_select@2x.png"/><file href="Linear/takeTheTrain_HTML5_SCORM/assets/htmlimages/VR_menu_previous_default@2x.png"/><file href="Linear/takeTheTrain_HTML5_SCORM/assets/htmlimages/VR_menu_previous_hover@2x.png"/><file href="Linear/takeTheTrain_HTML5_SCORM/assets/htmlimages/VR_menu_previous_select@2x.png"/><file href="Linear/takeTheTrain_HTML5_SCORM/assets/htmlimages/VR_menu_select@2x.png"/><file href="Linear/takeTheTrain_HTML5_SCORM/assets/htmlimages/VR_move_left.png"/><file href="Linear/takeTheTrain_HTML5_SCORM/assets/htmlimages/VR_move_right.png"/><file href="Linear/takeTheTrain_HTML5_SCORM/assets/htmlimages/arrow_right.gif"/><file href="Linear/takeTheTrain_HTML5_SCORM/assets/htmlimages/assessmenthotspotvisited.png"/><file href="Linear/takeTheTrain_HTML5_SCORM/assets/htmlimages/assessmenthotspotvisited.svg"/><file href="Linear/takeTheTrain_HTML5_SCORM/assets/htmlimages/assessmenthotspotvisited@2x.png"/><file href="Linear/takeTheTrain_HTML5_SCORM/assets/htmlimages/ccClose.png"/><file href="Linear/takeTheTrain_HTML5_SCORM/assets/htmlimages/checkBox_disabled.png"/><file href="Linear/takeTheTrain_HTML5_SCORM/assets/htmlimages/checkBox_normal.png"/><file href="Linear/takeTheTrain_HTML5_SCORM/assets/htmlimages/checkBox_selected.png"/><file href="Linear/takeTheTrain_HTML5_SCORM/assets/htmlimages/checkBox_selectedDisabled.png"/><file href="Linear/takeTheTrain_HTML5_SCORM/assets/htmlimages/checkboxchecked.png"/><file href="Linear/takeTheTrain_HTML5_SCORM/assets/htmlimages/checkboxunchecked.png"/><file href="Linear/takeTheTrain_HTML5_SCORM/assets/htmlimages/closeReviewButton.png"/><file href="Linear/takeTheTrain_HTML5_SCORM/assets/htmlimages/correct_answer_normal.png"/><file href="Linear/takeTheTrain_HTML5_SCORM/assets/htmlimages/correct_answer_small.png"/><file href="Linear/takeTheTrain_HTML5_SCORM/assets/htmlimages/correct_question_normal.png"/><file href="Linear/takeTheTrain_HTML5_SCORM/assets/htmlimages/correct_question_small.png"/><file href="Linear/takeTheTrain_HTML5_SCORM/assets/htmlimages/dd_arrow.png"/><file href="Linear/takeTheTrain_HTML5_SCORM/assets/htmlimages/expand_icon.png"/><file href="Linear/takeTheTrain_HTML5_SCORM/assets/htmlimages/expand_icon@2x.png"/><file href="Linear/takeTheTrain_HTML5_SCORM/assets/htmlimages/gesturemobileicon.png"/><file href="Linear/takeTheTrain_HTML5_SCORM/assets/htmlimages/gesturemobileicon@2x.png"/><file href="Linear/takeTheTrain_HTML5_SCORM/assets/htmlimages/gesturemobileimage2.png"/><file href="Linear/takeTheTrain_HTML5_SCORM/assets/htmlimages/gesturemobilelandscape.png"/><file href="Linear/takeTheTrain_HTML5_SCORM/assets/htmlimages/gesturetabletimage.png"/><file href="Linear/takeTheTrain_HTML5_SCORM/assets/htmlimages/hotspot.gif"/><file href="Linear/takeTheTrain_HTML5_SCORM/assets/htmlimages/hotspot_correct_answer_normal.png"/><file href="Linear/takeTheTrain_HTML5_SCORM/assets/htmlimages/hotspot_incorrect_answer_normal.png"/><file href="Linear/takeTheTrain_HTML5_SCORM/assets/htmlimages/img_trans.gif"/><file href="Linear/takeTheTrain_HTML5_SCORM/assets/htmlimages/incorrect_answer_normal.png"/><file href="Linear/takeTheTrain_HTML5_SCORM/assets/htmlimages/incorrect_answer_small.png"/><file href="Linear/takeTheTrain_HTML5_SCORM/assets/htmlimages/incorrect_question_normal.png"/><file href="Linear/takeTheTrain_HTML5_SCORM/assets/htmlimages/incorrect_question_small.png"/><file href="Linear/takeTheTrain_HTML5_SCORM/assets/htmlimages/loader.gif"/><file href="Linear/takeTheTrain_HTML5_SCORM/assets/htmlimages/loader_transparent.gif"/><file href="Linear/takeTheTrain_HTML5_SCORM/assets/htmlimages/movieexpire.png"/><file href="Linear/takeTheTrain_HTML5_SCORM/assets/htmlimages/partial_correct_question_normal.png"/><file href="Linear/takeTheTrain_HTML5_SCORM/assets/htmlimages/partial_correct_question_small.png"/><file href="Linear/takeTheTrain_HTML5_SCORM/assets/htmlimages/placeholder.png"/><file href="Linear/takeTheTrain_HTML5_SCORM/assets/htmlimages/radioButton_disabled.png"/><file href="Linear/takeTheTrain_HTML5_SCORM/assets/htmlimages/radioButton_normal.png"/><file href="Linear/takeTheTrain_HTML5_SCORM/assets/htmlimages/radioButton_selected.png"/><file href="Linear/takeTheTrain_HTML5_SCORM/assets/htmlimages/radioButton_selectedDisabled.png"/><file href="Linear/takeTheTrain_HTML5_SCORM/assets/htmlimages/radiochecked.png"/><file href="Linear/takeTheTrain_HTML5_SCORM/assets/htmlimages/radiounchecked.png"/><file href="Linear/takeTheTrain_HTML5_SCORM/assets/htmlimages/sequenceReview.png"/><file href="Linear/takeTheTrain_HTML5_SCORM/assets/htmlimages/skip_answer_normal.png"/><file href="Linear/takeTheTrain_HTML5_SCORM/assets/htmlimages/skip_answer_small.png"/><file href="Linear/takeTheTrain_HTML5_SCORM/assets/htmlimages/skip_question_normal.png"/><file href="Linear/takeTheTrain_HTML5_SCORM/assets/htmlimages/skip_question_small.png"/><file href="Linear/takeTheTrain_HTML5_SCORM/assets/htmlimages/toc.png"/><file href="Linear/takeTheTrain_HTML5_SCORM/assets/htmlimages/vidbg.png"/><file href="Linear/takeTheTrain_HTML5_SCORM/assets/htmlimages/vidfullscreen.png"/><file href="Linear/takeTheTrain_HTML5_SCORM/assets/htmlimages/vidpause.png"/><file href="Linear/takeTheTrain_HTML5_SCORM/assets/htmlimages/vidplay.png"/><file href="Linear/takeTheTrain_HTML5_SCORM/assets/htmlimages/vidrewind.png"/><file href="Linear/takeTheTrain_HTML5_SCORM/assets/htmlimages/vidslider.png"/><file href="Linear/takeTheTrain_HTML5_SCORM/assets/htmlimages/vidstop.png"/><file href="Linear/takeTheTrain_HTML5_SCORM/assets/htmlimages/vidvolume.png"/><file href="Linear/takeTheTrain_HTML5_SCORM/assets/htmlimages/vidvolume2.png"/><file href="Linear/takeTheTrain_HTML5_SCORM/assets/htmlimages/vidvolumemute.png"/><file href="Linear/takeTheTrain_HTML5_SCORM/assets/js/CPM.js"/><file href="Linear/takeTheTrain_HTML5_SCORM/assets/js/CPXHRLoader.js"/><file href="Linear/takeTheTrain_HTML5_SCORM/assets/js/OpenAjaxManagedHub-all.js"/><file href="Linear/takeTheTrain_HTML5_SCORM/assets/js/jquery-3.3.1.min.js"/><file href="Linear/takeTheTrain_HTML5_SCORM/assets/playbar/PlaybarIcons/AudioOff.png"/><file href="Linear/takeTheTrain_HTML5_SCORM/assets/playbar/PlaybarIcons/AudioOn.png"/><file href="Linear/takeTheTrain_HTML5_SCORM/assets/playbar/PlaybarIcons/BackGround.png"/><file href="Linear/takeTheTrain_HTML5_SCORM/assets/playbar/PlaybarIcons/Backward.png"/><file href="Linear/takeTheTrain_HTML5_SCORM/assets/playbar/PlaybarIcons/CC.png"/><file href="Linear/takeTheTrain_HTML5_SCORM/assets/playbar/PlaybarIcons/Color.png"/><file href="Linear/takeTheTrain_HTML5_SCORM/assets/playbar/PlaybarIcons/ColorSmall.png"/><file href="Linear/takeTheTrain_HTML5_SCORM/assets/playbar/PlaybarIcons/Exit.png"/><file href="Linear/takeTheTrain_HTML5_SCORM/assets/playbar/PlaybarIcons/FastForward.png"/><file href="Linear/takeTheTrain_HTML5_SCORM/assets/playbar/PlaybarIcons/FastForward1.png"/><file href="Linear/takeTheTrain_HTML5_SCORM/assets/playbar/PlaybarIcons/FastForward2.png"/><file href="Linear/takeTheTrain_HTML5_SCORM/assets/playbar/PlaybarIcons/Forward.png"/><file href="Linear/takeTheTrain_HTML5_SCORM/assets/playbar/PlaybarIcons/Glow.png"/><file href="Linear/takeTheTrain_HTML5_SCORM/assets/playbar/PlaybarIcons/GlowSmall.png"/><file href="Linear/takeTheTrain_HTML5_SCORM/assets/playbar/PlaybarIcons/Height.png"/><file href="Linear/takeTheTrain_HTML5_SCORM/assets/playbar/PlaybarIcons/InnerStroke.png"/><file href="Linear/takeTheTrain_HTML5_SCORM/assets/playbar/PlaybarIcons/InnerStrokeSmall.png"/><file href="Linear/takeTheTrain_HTML5_SCORM/assets/playbar/PlaybarIcons/Pause.png"/><file href="Linear/takeTheTrain_HTML5_SCORM/assets/playbar/PlaybarIcons/Play.png"/><file href="Linear/takeTheTrain_HTML5_SCORM/assets/playbar/PlaybarIcons/Progress.png"/><file href="Linear/takeTheTrain_HTML5_SCORM/assets/playbar/PlaybarIcons/Rewind.png"/><file href="Linear/takeTheTrain_HTML5_SCORM/assets/playbar/PlaybarIcons/Shade.png"/><file href="Linear/takeTheTrain_HTML5_SCORM/assets/playbar/PlaybarIcons/ShadeSmall.png"/><file href="Linear/takeTheTrain_HTML5_SCORM/assets/playbar/PlaybarIcons/Stroke.png"/><file href="Linear/takeTheTrain_HTML5_SCORM/assets/playbar/PlaybarIcons/StrokeSmall.png"/><file href="Linear/takeTheTrain_HTML5_SCORM/assets/playbar/PlaybarIcons/TOC.png"/><file href="Linear/takeTheTrain_HTML5_SCORM/assets/playbar/PlaybarIcons/Thumb.png"/><file href="Linear/takeTheTrain_HTML5_SCORM/assets/playbar/PlaybarIcons/ThumbBase.png"/><file href="Linear/takeTheTrain_HTML5_SCORM/assets/playbar/playbarScript.js"/><file href="Linear/takeTheTrain_HTML5_SCORM/assets/toc/tocIcons/blankBookmark.png"/><file href="Linear/takeTheTrain_HTML5_SCORM/assets/toc/tocIcons/clear.png"/><file href="Linear/takeTheTrain_HTML5_SCORM/assets/toc/tocIcons/expander.png"/><file href="Linear/takeTheTrain_HTML5_SCORM/assets/toc/tocIcons/fullBookmark.png"/><file href="Linear/takeTheTrain_HTML5_SCORM/assets/toc/tocIcons/go.png"/><file href="Linear/takeTheTrain_HTML5_SCORM/assets/toc/tocIcons/infoClose.png"/><file href="Linear/takeTheTrain_HTML5_SCORM/assets/toc/tocIcons/moreinfo.png"/><file href="Linear/takeTheTrain_HTML5_SCORM/assets/toc/tocIcons/searchBtnNormal.png"/><file href="Linear/takeTheTrain_HTML5_SCORM/assets/toc/tocIcons/searchBtnSelect.png"/><file href="Linear/takeTheTrain_HTML5_SCORM/assets/toc/tocIcons/visited.png"/><file href="Linear/takeTheTrain_HTML5_SCORM/dr/13265.svg"/><file href="Linear/takeTheTrain_HTML5_SCORM/dr/7714.svg"/><file href="Linear/takeTheTrain_HTML5_SCORM/dr/img1.json"/><file href="Linear/takeTheTrain_HTML5_SCORM/dr/img2.json"/><file href="Linear/takeTheTrain_HTML5_SCORM/dr/img3.json"/><file href="Linear/takeTheTrain_HTML5_SCORM/dr/img4.json"/><file href="Linear/takeTheTrain_HTML5_SCORM/dr/img5.json"/><file href="Linear/takeTheTrain_HTML5_SCORM/dr/img6.json"/><file href="Linear/takeTheTrain_HTML5_SCORM/dr/img7.json"/><file href="Linear/takeTheTrain_HTML5_SCORM/dr/imgmd.json"/><file href="Linear/takeTheTrain_HTML5_SCORM/dr/loading.gif"/><file href="Linear/takeTheTrain_HTML5_SCORM/goodbye.html"/><file href="Linear/takeTheTrain_HTML5_SCORM/index_scorm.html"/><file href="Linear/takeTheTrain_HTML5_SCORM/pools/takeTheTrain_Questions/dr/17512_830_319.png"/><file href="Linear/takeTheTrain_HTML5_SCORM/pools/takeTheTrain_Questions/dr/7401_105_32.png"/><file href="Linear/takeTheTrain_HTML5_SCORM/pools/takeTheTrain_Questions/dr/7403_105_32.png"/><file href="Linear/takeTheTrain_HTML5_SCORM/pools/takeTheTrain_Questions/dr/7405_105_32.png"/><file href="Linear/takeTheTrain_HTML5_SCORM/pools/takeTheTrain_Questions/dr/7408_105_32.png"/><file href="Linear/takeTheTrain_HTML5_SCORM/pools/takeTheTrain_Questions/dr/7410_105_32.png"/><file href="Linear/takeTheTrain_HTML5_SCORM/pools/takeTheTrain_Questions/dr/7412_105_32.png"/><file href="Linear/takeTheTrain_HTML5_SCORM/pools/takeTheTrain_Questions/dr/7415_105_32.png"/><file href="Linear/takeTheTrain_HTML5_SCORM/pools/takeTheTrain_Questions/dr/7417_105_32.png"/><file href="Linear/takeTheTrain_HTML5_SCORM/pools/takeTheTrain_Questions/dr/7419_105_32.png"/><file href="Linear/takeTheTrain_HTML5_SCORM/pools/takeTheTrain_Questions/dr/7422_105_32.png"/><file href="Linear/takeTheTrain_HTML5_SCORM/pools/takeTheTrain_Questions/dr/7424_105_32.png"/><file href="Linear/takeTheTrain_HTML5_SCORM/pools/takeTheTrain_Questions/dr/7426_105_32.png"/><file href="Linear/takeTheTrain_HTML5_SCORM/pools/takeTheTrain_Questions/dr/7745_950_450.png"/><file href="Linear/takeTheTrain_HTML5_SCORM/pools/takeTheTrain_Questions/dr/Slide76767_defaultTitleImage.png"/><file href="Linear/takeTheTrain_HTML5_SCORM/pools/takeTheTrain_Questions/dr/si73381.png"/><file href="Linear/takeTheTrain_HTML5_SCORM/pools/takeTheTrain_Questions/dr/si73396.png"/><file href="Linear/takeTheTrain_HTML5_SCORM/pools/takeTheTrain_Questions/dr/si73400.png"/><file href="Linear/takeTheTrain_HTML5_SCORM/pools/takeTheTrain_Questions/dr/si73407.png"/><file href="Linear/takeTheTrain_HTML5_SCORM/pools/takeTheTrain_Questions/dr/si73411.png"/><file href="Linear/takeTheTrain_HTML5_SCORM/pools/takeTheTrain_Questions/dr/si73415.png"/><file href="Linear/takeTheTrain_HTML5_SCORM/pools/takeTheTrain_Questions/dr/si73846.png"/><file href="Linear/takeTheTrain_HTML5_SCORM/pools/takeTheTrain_Questions/dr/si73850.png"/><file href="Linear/takeTheTrain_HTML5_SCORM/pools/takeTheTrain_Questions/dr/si73861.png"/><file href="Linear/takeTheTrain_HTML5_SCORM/pools/takeTheTrain_Questions/dr/si73865.png"/><file href="Linear/takeTheTrain_HTML5_SCORM/pools/takeTheTrain_Questions/dr/si74058.png"/><file href="Linear/takeTheTrain_HTML5_SCORM/pools/takeTheTrain_Questions/dr/si75700.png"/><file href="Linear/takeTheTrain_HTML5_SCORM/pools/takeTheTrain_Questions/dr/si75707.png"/><file href="Linear/takeTheTrain_HTML5_SCORM/pools/takeTheTrain_Questions/dr/si75718.png"/><file href="Linear/takeTheTrain_HTML5_SCORM/pools/takeTheTrain_Questions/dr/si75731.png"/><file href="Linear/takeTheTrain_HTML5_SCORM/pools/takeTheTrain_Questions/dr/si75735.png"/><file href="Linear/takeTheTrain_HTML5_SCORM/pools/takeTheTrain_Questions/dr/si75741.png"/><file href="Linear/takeTheTrain_HTML5_SCORM/pools/takeTheTrain_Questions/dr/si75741_Column1Image.png"/><file href="Linear/takeTheTrain_HTML5_SCORM/pools/takeTheTrain_Questions/dr/si75745.png"/><file href="Linear/takeTheTrain_HTML5_SCORM/pools/takeTheTrain_Questions/dr/si75752.png"/><file href="Linear/takeTheTrain_HTML5_SCORM/pools/takeTheTrain_Questions/dr/si75756.png"/><file href="Linear/takeTheTrain_HTML5_SCORM/pools/takeTheTrain_Questions/dr/si75762.png"/><file href="Linear/takeTheTrain_HTML5_SCORM/pools/takeTheTrain_Questions/dr/si75762_Column1Image.png"/><file href="Linear/takeTheTrain_HTML5_SCORM/pools/takeTheTrain_Questions/dr/si75766.png"/><file href="Linear/takeTheTrain_HTML5_SCORM/pools/takeTheTrain_Questions/dr/si75773.png"/><file href="Linear/takeTheTrain_HTML5_SCORM/pools/takeTheTrain_Questions/dr/si75777.png"/><file href="Linear/takeTheTrain_HTML5_SCORM/pools/takeTheTrain_Questions/dr/si75783.png"/><file href="Linear/takeTheTrain_HTML5_SCORM/pools/takeTheTrain_Questions/dr/si75783_Column1Image.png"/><file href="Linear/takeTheTrain_HTML5_SCORM/pools/takeTheTrain_Questions/dr/si75787.png"/><file href="Linear/takeTheTrain_HTML5_SCORM/pools/takeTheTrain_Questions/dr/si75792.png"/><file href="Linear/takeTheTrain_HTML5_SCORM/pools/takeTheTrain_Questions/dr/si75805.png"/><file href="Linear/takeTheTrain_HTML5_SCORM/pools/takeTheTrain_Questions/dr/si75997.png"/><file href="Linear/takeTheTrain_HTML5_SCORM/pools/takeTheTrain_Questions/dr/si76010.png"/><file href="Linear/takeTheTrain_HTML5_SCORM/pools/takeTheTrain_Questions/dr/si76023.png"/><file href="Linear/takeTheTrain_HTML5_SCORM/pools/takeTheTrain_Questions/dr/si76222.png"/><file href="Linear/takeTheTrain_HTML5_SCORM/pools/takeTheTrain_Questions/dr/si76237.png"/><file href="Linear/takeTheTrain_HTML5_SCORM/pools/takeTheTrain_Questions/dr/si76241.png"/><file href="Linear/takeTheTrain_HTML5_SCORM/pools/takeTheTrain_Questions/dr/si76248.png"/><file href="Linear/takeTheTrain_HTML5_SCORM/pools/takeTheTrain_Questions/dr/si76252.png"/><file href="Linear/takeTheTrain_HTML5_SCORM/pools/takeTheTrain_Questions/dr/si76256.png"/><file href="Linear/takeTheTrain_HTML5_SCORM/pools/takeTheTrain_Questions/dr/si76269.png"/><file href="Linear/takeTheTrain_HTML5_SCORM/pools/takeTheTrain_Questions/dr/si76432.png"/><file href="Linear/takeTheTrain_HTML5_SCORM/pools/takeTheTrain_Questions/dr/si76432_Column1Image.png"/><file href="Linear/takeTheTrain_HTML5_SCORM/pools/takeTheTrain_Questions/dr/si76436.png"/><file href="Linear/takeTheTrain_HTML5_SCORM/pools/takeTheTrain_Questions/dr/si76598.png"/><file href="Linear/takeTheTrain_HTML5_SCORM/pools/takeTheTrain_Questions/dr/si76608.png"/><file href="Linear/takeTheTrain_HTML5_SCORM/pools/takeTheTrain_Questions/dr/si76608_q1_answer_0_mcComboboxTextbox_00012DEA.png"/><file href="Linear/takeTheTrain_HTML5_SCORM/pools/takeTheTrain_Questions/dr/si76608_q1_answer_0_mcComboboxTextbox_00012DF2.png"/><file href="Linear/takeTheTrain_HTML5_SCORM/pools/takeTheTrain_Questions/dr/si76608_q1_answer_0_mcComboboxTextbox_00012DF3.png"/><file href="Linear/takeTheTrain_HTML5_SCORM/pools/takeTheTrain_Questions/dr/si76608_q1_answer_0_mcComboboxTextbox_00012DF4.png"/><file href="Linear/takeTheTrain_HTML5_SCORM/pools/takeTheTrain_Questions/dr/si76608_q1_answer_1_mcComboboxTextbox_00012DFD.png"/><file href="Linear/takeTheTrain_HTML5_SCORM/pools/takeTheTrain_Questions/dr/si76608_q1_answer_1_mcComboboxTextbox_00012DFE.png"/><file href="Linear/takeTheTrain_HTML5_SCORM/pools/takeTheTrain_Questions/dr/si76608_q1_answer_1_mcComboboxTextbox_00012DFF.png"/><file href="Linear/takeTheTrain_HTML5_SCORM/pools/takeTheTrain_Questions/dr/si76608_q1_answer_1_mcComboboxTextbox_00012E00.png"/><file href="Linear/takeTheTrain_HTML5_SCORM/pools/takeTheTrain_Questions/dr/si76608_q1_answer_2_mcComboboxTextbox_00012E1D.png"/><file href="Linear/takeTheTrain_HTML5_SCORM/pools/takeTheTrain_Questions/dr/si76608_q1_answer_2_mcComboboxTextbox_00012E1E.png"/><file href="Linear/takeTheTrain_HTML5_SCORM/pools/takeTheTrain_Questions/dr/si76608_q1_answer_2_mcComboboxTextbox_00012E1F.png"/><file href="Linear/takeTheTrain_HTML5_SCORM/pools/takeTheTrain_Questions/dr/si76608_q1_answer_2_mcComboboxTextbox_00012E20.png"/><file href="Linear/takeTheTrain_HTML5_SCORM/pools/takeTheTrain_Questions/dr/si76644.png"/><file href="Linear/takeTheTrain_HTML5_SCORM/pools/takeTheTrain_Questions/dr/si76663.png"/><file href="Linear/takeTheTrain_HTML5_SCORM/pools/takeTheTrain_Questions/dr/si76807.png"/><file href="Linear/takeTheTrain_HTML5_SCORM/pools/takeTheTrain_Questions/dr/si76855.png"/><file href="Linear/takeTheTrain_HTML5_SCORM/pools/takeTheTrain_Questions/dr/si76874.png"/><file href="Linear/takeTheTrain_HTML5_SCORM/pools/takeTheTrain_Questions/takeTheTrain_Questions.js"/><file href="Linear/takeTheTrain_HTML5_SCORM/project.txt"/><file href="Linear/takeTheTrain_HTML5_SCORM/vr/Vi1.mp4"/><file href="Linear/takeTheTrain_HTML5_SCORM/wr/w_71986/Widget_71986.htm"/><file href="Linear/takeTheTrain_HTML5_SCORM/wr/w_71986/images/Theme1_Header.png"/><file href="Linear/takeTheTrain_HTML5_SCORM/wr/w_71986/images/Theme5_Header.png"/><file href="Linear/takeTheTrain_HTML5_SCORM/wr/w_71986/scripts/_global.js"/><file href="Linear/takeTheTrain_HTML5_SCORM/wr/w_71986/scripts/accordionScripts.js"/><file href="Linear/takeTheTrain_HTML5_SCORM/wr/w_71986/scripts/accordion_use.js"/><file href="Linear/takeTheTrain_HTML5_SCORM/wr/w_71986/scripts/jscrollpane.min.js"/><file href="Linear/takeTheTrain_HTML5_SCORM/wr/w_71986/themes/accordionTheme1.css"/><file href="Linear/takeTheTrain_HTML5_SCORM/wr/w_71986/themes/accordionTheme10.css"/><file href="Linear/takeTheTrain_HTML5_SCORM/wr/w_71986/themes/accordionTheme11.css"/><file href="Linear/takeTheTrain_HTML5_SCORM/wr/w_71986/themes/accordionTheme12.css"/><file href="Linear/takeTheTrain_HTML5_SCORM/wr/w_71986/themes/accordionTheme13.css"/><file href="Linear/takeTheTrain_HTML5_SCORM/wr/w_71986/themes/accordionTheme14.css"/><file href="Linear/takeTheTrain_HTML5_SCORM/wr/w_71986/themes/accordionTheme15.css"/><file href="Linear/takeTheTrain_HTML5_SCORM/wr/w_71986/themes/accordionTheme16.css"/><file href="Linear/takeTheTrain_HTML5_SCORM/wr/w_71986/themes/accordionTheme17.css"/><file href="Linear/takeTheTrain_HTML5_SCORM/wr/w_71986/themes/accordionTheme2.css"/><file href="Linear/takeTheTrain_HTML5_SCORM/wr/w_71986/themes/accordionTheme3.css"/><file href="Linear/takeTheTrain_HTML5_SCORM/wr/w_71986/themes/accordionTheme4.css"/><file href="Linear/takeTheTrain_HTML5_SCORM/wr/w_71986/themes/accordionTheme5.css"/><file href="Linear/takeTheTrain_HTML5_SCORM/wr/w_71986/themes/accordionTheme6.css"/><file href="Linear/takeTheTrain_HTML5_SCORM/wr/w_71986/themes/accordionTheme7.css"/><file href="Linear/takeTheTrain_HTML5_SCORM/wr/w_71986/themes/accordionTheme8.css"/><file href="Linear/takeTheTrain_HTML5_SCORM/wr/w_71986/themes/accordionTheme9.css"/><file href="Linear/takeTheTrain_HTML5_SCORM/wr/w_71986/themes/dummy.css"/><file href="Linear/takeTheTrain_HTML5_SCORM/wr/w_71986/themes/dummyHeader.css"/><file href="Linear/takeTheTrain_HTML5_SCORM/wr/w_71986/themes/headerTheme1.css"/><file href="Linear/takeTheTrain_HTML5_SCORM/wr/w_71986/themes/headerTheme10.css"/><file href="Linear/takeTheTrain_HTML5_SCORM/wr/w_71986/themes/headerTheme11.css"/><file href="Linear/takeTheTrain_HTML5_SCORM/wr/w_71986/themes/headerTheme12.css"/><file href="Linear/takeTheTrain_HTML5_SCORM/wr/w_71986/themes/headerTheme13.css"/><file href="Linear/takeTheTrain_HTML5_SCORM/wr/w_71986/themes/headerTheme14.css"/><file href="Linear/takeTheTrain_HTML5_SCORM/wr/w_71986/themes/headerTheme15.css"/><file href="Linear/takeTheTrain_HTML5_SCORM/wr/w_71986/themes/headerTheme16.css"/><file href="Linear/takeTheTrain_HTML5_SCORM/wr/w_71986/themes/headerTheme17.css"/><file href="Linear/takeTheTrain_HTML5_SCORM/wr/w_71986/themes/headerTheme2.css"/><file href="Linear/takeTheTrain_HTML5_SCORM/wr/w_71986/themes/headerTheme3.css"/><file href="Linear/takeTheTrain_HTML5_SCORM/wr/w_71986/themes/headerTheme4.css"/><file href="Linear/takeTheTrain_HTML5_SCORM/wr/w_71986/themes/headerTheme5.css"/><file href="Linear/takeTheTrain_HTML5_SCORM/wr/w_71986/themes/headerTheme6.css"/><file href="Linear/takeTheTrain_HTML5_SCORM/wr/w_71986/themes/headerTheme7.css"/><file href="Linear/takeTheTrain_HTML5_SCORM/wr/w_71986/themes/headerTheme8.css"/><file href="Linear/takeTheTrain_HTML5_SCORM/wr/w_71986/themes/headerTheme9.css"/><file href="Linear/takeTheTrain_HTML5_SCORM/wr/w_71986/themes/jScroll.css"/><file href="Linear/takeTheTrain_HTML5_SCORM/wr/w_79002/Widget_79002.htm"/><file href="Linear/takeTheTrain_HTML5_SCORM/wr/w_79002/images/Theme1.png"/><file href="Linear/takeTheTrain_HTML5_SCORM/wr/w_79002/images/Theme10.png"/><file href="Linear/takeTheTrain_HTML5_SCORM/wr/w_79002/images/Theme11.png"/><file href="Linear/takeTheTrain_HTML5_SCORM/wr/w_79002/images/Theme12.png"/><file href="Linear/takeTheTrain_HTML5_SCORM/wr/w_79002/images/Theme13.png"/><file href="Linear/takeTheTrain_HTML5_SCORM/wr/w_79002/images/Theme14.png"/><file href="Linear/takeTheTrain_HTML5_SCORM/wr/w_79002/images/Theme15.png"/><file href="Linear/takeTheTrain_HTML5_SCORM/wr/w_79002/images/Theme16.png"/><file href="Linear/takeTheTrain_HTML5_SCORM/wr/w_79002/images/Theme17.png"/><file href="Linear/takeTheTrain_HTML5_SCORM/wr/w_79002/images/Theme18.png"/><file href="Linear/takeTheTrain_HTML5_SCORM/wr/w_79002/images/Theme1_Header.png"/><file href="Linear/takeTheTrain_HTML5_SCORM/wr/w_79002/images/Theme2.png"/><file href="Linear/takeTheTrain_HTML5_SCORM/wr/w_79002/images/Theme3.png"/><file href="Linear/takeTheTrain_HTML5_SCORM/wr/w_79002/images/Theme4.png"/><file href="Linear/takeTheTrain_HTML5_SCORM/wr/w_79002/images/Theme5.png"/><file href="Linear/takeTheTrain_HTML5_SCORM/wr/w_79002/images/Theme6.png"/><file href="Linear/takeTheTrain_HTML5_SCORM/wr/w_79002/images/Theme7.png"/><file href="Linear/takeTheTrain_HTML5_SCORM/wr/w_79002/images/Theme8.png"/><file href="Linear/takeTheTrain_HTML5_SCORM/wr/w_79002/images/Theme9.png"/><file href="Linear/takeTheTrain_HTML5_SCORM/wr/w_79002/images/printer-button.jpg"/><file href="Linear/takeTheTrain_HTML5_SCORM/wr/w_79002/scripts/_global.js"/><file href="Linear/takeTheTrain_HTML5_SCORM/wr/w_79002/scripts/certificateScripts.js"/><file href="Linear/takeTheTrain_HTML5_SCORM/wr/w_79002/scripts/certificate_use.js"/><file href="Linear/takeTheTrain_HTML5_SCORM/wr/w_79002/scripts/disableTextSelect.js"/><file href="Linear/takeTheTrain_HTML5_SCORM/wr/w_79002/scripts/easeljs-0.7.0.min.js"/><file href="Linear/takeTheTrain_HTML5_SCORM/wr/w_79002/scripts/hammer.min.js"/><file href="Linear/takeTheTrain_HTML5_SCORM/wr/w_79002/scripts/popup.js"/><file href="Linear/takeTheTrain_HTML5_SCORM/wr/w_79002/themes/certificateTheme1.css"/><file href="Linear/takeTheTrain_HTML5_SCORM/wr/w_79002/themes/certificateTheme10.css"/><file href="Linear/takeTheTrain_HTML5_SCORM/wr/w_79002/themes/certificateTheme11.css"/><file href="Linear/takeTheTrain_HTML5_SCORM/wr/w_79002/themes/certificateTheme12.css"/><file href="Linear/takeTheTrain_HTML5_SCORM/wr/w_79002/themes/certificateTheme13.css"/><file href="Linear/takeTheTrain_HTML5_SCORM/wr/w_79002/themes/certificateTheme14.css"/><file href="Linear/takeTheTrain_HTML5_SCORM/wr/w_79002/themes/certificateTheme15.css"/><file href="Linear/takeTheTrain_HTML5_SCORM/wr/w_79002/themes/certificateTheme16.css"/><file href="Linear/takeTheTrain_HTML5_SCORM/wr/w_79002/themes/certificateTheme17.css"/><file href="Linear/takeTheTrain_HTML5_SCORM/wr/w_79002/themes/certificateTheme18.css"/><file href="Linear/takeTheTrain_HTML5_SCORM/wr/w_79002/themes/certificateTheme2.css"/><file href="Linear/takeTheTrain_HTML5_SCORM/wr/w_79002/themes/certificateTheme3.css"/><file href="Linear/takeTheTrain_HTML5_SCORM/wr/w_79002/themes/certificateTheme4.css"/><file href="Linear/takeTheTrain_HTML5_SCORM/wr/w_79002/themes/certificateTheme5.css"/><file href="Linear/takeTheTrain_HTML5_SCORM/wr/w_79002/themes/certificateTheme6.css"/><file href="Linear/takeTheTrain_HTML5_SCORM/wr/w_79002/themes/certificateTheme7.css"/><file href="Linear/takeTheTrain_HTML5_SCORM/wr/w_79002/themes/certificateTheme8.css"/><file href="Linear/takeTheTrain_HTML5_SCORM/wr/w_79002/themes/certificateTheme9.css"/><file href="Linear/takeTheTrain_HTML5_SCORM/wr/w_79002/themes/dummy.css"/><file href="Linear/takeTheTrain_HTML5_SCORM/wr/w_79002/themes/dummyHeader.css"/><file href="Linear/takeTheTrain_HTML5_SCORM/wr/w_79002/themes/headerTheme1.css"/><file href="Linear/takeTheTrain_HTML5_SCORM/wr/w_79002/themes/headerTheme2.css"/><file href="Linear/takeTheTrain_HTML5_SCORM/wr/w_79002/themes/headerTheme3.css"/><file href="Linear/takeTheTrain_HTML5_SCORM/wr/w_79002/themes/jScroll.css"/><file href="Linear/takeTheTrain_HTML5_SCORM/wr/w_79002/themes/print.css"/><file href="Linear/takeTheTrain_HTML5_SCORM/Utilities.js"/></resource><resource href="Linear/takeTheTrain_SWF_SCORM/takeTheTrain_SWF_SCORM.htm" adlcp:scormtype="sco" type="webcontent" identifier="RES-Item_2"><file href="Linear/takeTheTrain_SWF_SCORM/takeTheTrain_SWF_SCORM.swf"/><file href="Linear/takeTheTrain_SWF_SCORM/takeTheTrain_SWF_SCORM.htm"/><file href="Linear/takeTheTrain_SWF_SCORM/scormdriver.js"/><file href="Linear/takeTheTrain_SWF_SCORM/browsersniff.js"/><file href="Linear/takeTheTrain_SWF_SCORM/takeTheTrain_Questions_CQP.swf"/><file href="Linear/takeTheTrain_SWF_SCORM/SCORM_utilities.js"/><file href="Linear/takeTheTrain_SWF_SCORM/Utilities.js"/><file href="Linear/takeTheTrain_SWF_SCORM/standard.js"/><file href="Linear/takeTheTrain_SWF_SCORM/captivate.css"/></resource><resource href="Linear/EncoderVideo/EncoderVideo.htm" adlcp:scormtype="sco" type="webcontent" identifier="RES-Item_3"><file href="Linear/EncoderVideo/EncoderVideo.swf"/><file href="Linear/EncoderVideo/EncoderVideo.htm"/><file href="Linear/EncoderVideo/scormdriver.js"/><file href="Linear/EncoderVideo/browsersniff.js"/><file href="Linear/EncoderVideo/encoderVideo.mp4"/><file href="Linear/EncoderVideo/SCORM_utilities.js"/><file href="Linear/EncoderVideo/Utilities.js"/><file href="Linear/EncoderVideo/standard.js"/><file href="Linear/EncoderVideo/captivate.css"/></resource></resources></manifest>